<?xml version="1.0" encoding="UTF-8"?>
<project-private xmlns="http://www.netbeans.org/ns/project-private/1">
    <editor-bookmarks xmlns="http://www.netbeans.org/ns/editor-bookmarks/2" lastBookmarkId="0"/>
    <open-files xmlns="http://www.netbeans.org/ns/projectui-open-files/2">
        <group>
            <file>file:/C:/Users/Ibrahim/OneDrive/Documents/NetBeansProjects/DBS_Grp_18sw15,22,24,26/src/dbs_grp_18sw15/pkg22/pkg24/pkg26/PatientRecord.java</file>
            <file>file:/C:/Users/Ibrahim/OneDrive/Documents/NetBeansProjects/DBS_Grp_18sw15,22,24,26/src/dbs_grp_18sw15/pkg22/pkg24/pkg26/CurdPage.java</file>
            <file>file:/C:/Users/Ibrahim/OneDrive/Documents/NetBeansProjects/DBS_Grp_18sw15,22,24,26/src/dbs_grp_18sw15/pkg22/pkg24/pkg26/Adminlogin.java</file>
            <file>file:/C:/Users/Ibrahim/OneDrive/Documents/NetBeansProjects/DBS_Grp_18sw15,22,24,26/src/dbs_grp_18sw15/pkg22/pkg24/pkg26/HeadLogin.java</file>
            <file>file:/C:/Users/Ibrahim/OneDrive/Documents/NetBeansProjects/DBS_Grp_18sw15,22,24,26/src/dbs_grp_18sw15/pkg22/pkg24/pkg26/PatientCurd.java</file>
            <file>file:/C:/Users/Ibrahim/OneDrive/Documents/NetBeansProjects/DBS_Grp_18sw15,22,24,26/src/dbs_grp_18sw15/pkg22/pkg24/pkg26/DoctorInsert.java</file>
            <file>file:/C:/Users/Ibrahim/OneDrive/Documents/NetBeansProjects/DBS_Grp_18sw15,22,24,26/src/dbs_grp_18sw15/pkg22/pkg24/pkg26/DBS_Grp_18sw15222426.java</file>
            <file>file:/C:/Users/Ibrahim/OneDrive/Documents/NetBeansProjects/DBS_Grp_18sw15,22,24,26/src/dbs_grp_18sw15/pkg22/pkg24/pkg26/DoctorLogin.java</file>
            <file>file:/C:/Users/Ibrahim/OneDrive/Documents/NetBeansProjects/DBS_Grp_18sw15,22,24,26/src/dbs_grp_18sw15/pkg22/pkg24/pkg26/SrchClass.java</file>
        </group>
    </open-files>
</project-private>
